{"base_amount": 1.0000000000000243e-06, "avg_cost": 1997382.259999951}