{"base_amount": 0.000432, "avg_cost": 3029.591018518519, "last_buy_ms": 0, "buy_count": 0}